{"train_loss": [0.45266582743760103], "train_acc": [0.8703068818463082], "val_loss": [0.451090912674075], "val_acc": [0.8726635514018691]}