{"train_loss": [0.9088017288553385, 0.5050516540075746, 0.41829447832401806, 0.38323296297402953, 0.34837018505756806, 0.2855965160303804, 0.2207253410376796, 0.17343440178904168, 0.141566736257159, 0.11299426993460288], "train_acc": [0.6816623463500293, 0.8230621289405469, 0.8512417426206205, 0.8574295509657999, 0.8779998327619366, 0.8961451626390167, 0.9224015385901831, 0.9416339158792542, 0.9536750564428464, 0.9666360063550464], "val_loss": [0.5128529731915376, 0.43028552175682283, 0.3644784513477967, 0.3269484680946742, 0.3131506030804643, 0.2607962929199789, 0.24352450209243276, 0.23169207433673822, 0.22370779263639004, 0.2161229567550053], "val_acc": [0.8230140186915887, 0.8434579439252337, 0.8703271028037384, 0.8825934579439252, 0.8825934579439252, 0.9042056074766355, 0.9117990654205608, 0.9205607476635514, 0.9205607476635514, 0.9223130841121495]}