{"train_loss": [1.3958573768405833, 0.9894403472115377, 0.8924269211392946, 0.8363061225307616, 0.7889367227710223, 0.7548400833411544, 0.7232058392449041, 0.7015047444528895, 0.6992605456900004, 0.6744677386950545], "train_acc": [0.5132536165231206, 0.6523120662262731, 0.695125010452379, 0.7094238648716448, 0.7211305293084707, 0.7392758591855506, 0.7435404298018229, 0.7548289990801906, 0.758006522284472, 0.7609331883936784], "val_loss": [1.0166434539812748, 0.8616181444898944, 0.8178721839022414, 0.7652290975936106, 0.7325023028338067, 0.6755469135034864, 0.6593015929248845, 0.6469074114460811, 0.6377623454432622, 0.6322991229663385], "val_acc": [0.6588785046728972, 0.7108644859813084, 0.7102803738317757, 0.731892523364486, 0.7429906542056075, 0.758177570093458, 0.7716121495327103, 0.7751168224299065, 0.7739485981308412, 0.7739485981308412]}