{"train_loss": [0.2583084040431137], "train_acc": [0.9329375365833263], "val_loss": [0.24666913967823315], "val_acc": [0.9421728971962616]}