{"train_loss": [0.5386571598343052, 0.2659685801643324, 0.22990067834110103, 0.20427964759197947, 0.18515976597390274, 0.13836598768363043, 0.08808296051295976, 0.059346358888882324, 0.04098877818101335, 0.03085755277183634], "train_acc": [0.8325946985533907, 0.9121163976921147, 0.9220670624634166, 0.9296763943473535, 0.9358642026925328, 0.9520026758090141, 0.9709005769713187, 0.9825236223764529, 0.9894640020068568, 0.9938121916548206], "val_loss": [0.22531044023616292, 0.22874788786763342, 0.18008509528971164, 0.16971716382236124, 0.1690065811309859, 0.12871250579847354, 0.11362294072859755, 0.10507142871061217, 0.1002773320145696, 0.09751331471951208], "val_acc": [0.9281542056074766, 0.923481308411215, 0.9357476635514018, 0.9398364485981309, 0.9404205607476636, 0.9579439252336449, 0.9620327102803738, 0.9643691588785047, 0.9684579439252337, 0.9672897196261683]}