{"train_loss": [0.8842706878315456, 0.46503266214437233, 0.3947163993363915, 0.35926258893194024, 0.34148789091606246, 0.3168270445999388, 0.30328069589530576, 0.2834284066909711, 0.2689091795445665, 0.2616275495929217], "train_acc": [0.7567522368090978, 0.8667948825152605, 0.8781670708253199, 0.8845221172338824, 0.8933021155615019, 0.8989045906848399, 0.9028346851743457, 0.9092733506145999, 0.9111129693118154, 0.9173843966886863], "val_loss": [0.4525663652152659, 0.3569127357451715, 0.31993432719016746, 0.2987466407156436, 0.2883517664169597, 0.2763260822986888, 0.2673073397061535, 0.25817720327421884, 0.2509633026947485, 0.24189668977372], "val_acc": [0.8825934579439252, 0.8919392523364486, 0.8977803738317757, 0.9042056074766355, 0.9030373831775701, 0.9065420560747663, 0.9100467289719626, 0.9147196261682243, 0.9182242990654206, 0.9176401869158879]}